university,city,country,meal_inexpensive_restaurant,water,cigarettes,monthly_pass,taxi,basic,internet,cinema,appartment_centre,appartment_outside_centre,beer_restaurant,beer_market,fruits,vegetables,latitude,longitude
North Dakota State University,Fargo,United States,12,2.88,6,42,1.42,154.44,65.5,11.32,1112.5,783.12,5.125,4.135,4.8275,3.77,46.877229,-96.789821
Northeastern University China,Shenyang,China,2.79,0.6,3.49,11.17,0.28,58.7,15.36,4.54,279.36,153.65,1.015,1.34,1.435,0.99,41.8026095,123.4279105
Universidad Politécnica de Madrid,Madrid,Spain,12.46,0.72,5.19,56.66,1.14,163.71,37.21,9.35,1041.06,827.49,3.64,1.305,1.895,1.325,40.4167047,-3.7035825
Shenzhen University,Shenzhen,China,4.19,0.54,3.49,34.92,0.36,66.36,17.87,6.98,724.86,426.89,2.515,1.15,1.6425,1.09,22.5445741,114.0545429
Tongji University,Shanghai,China,5.59,0.62,3.49,27.94,0.42,64.76,16.74,8.38,1080.07,564.3,2.655,1.42,1.8375,0.92,31.2323437,121.4691024
University of Electronic Science and Technology of China,Chengdu,China,2.79,0.61,2.86,26.11,0.28,35.09,11.55,5.59,430.68,251.42,1.955,1.44,1.41,0.755,30.6598628,104.0633717
University of Porto,Porto,Portugal,9.35,0.54,5.4,41.55,0.73,118.07,35.29,7.27,778.89,614.45,2.13,1.53,1.5775,1.235,41.1494512,-8.6107884
University of Tennessee Knoxville,Knoxville,United States,14,1.33,6,60.11,1.24,193.04,65.4,12,1164.29,911.11,4.75,1.945,3.3575,2.47,35.9603948,-83.9210261
Beijing Jiaotong University,Beijing,China,4.19,0.63,4.19,41.9,0.42,53.68,20.28,8.38,1176.59,660.6,2.725,1.705,1.7875,0.925,39.906217,116.3912757
Carleton University,Ottawa,Canada,18.61,1.51,11.17,92.14,1.38,121.58,59.34,11.17,1271.09,1005.11,5.585,2.265,2.75,1.73,45.4208777,-75.6901106
De Montfort University,Leicester,United Kingdom,16.22,1.09,13.21,64.86,1.31,220.46,36.64,12.01,900.88,686.17,5.26,2.225,1.6725,1.03,52.6362,-1.1331969
Illinois Institute of Technology,Chicago,United States,20,2.02,15,90,2.11,163.78,63.93,15,1969.12,1436.82,6,3.22,3.415,1.99,41.8755616,-87.6244212
Leiden University,Leiden,Netherlands,15.58,0.65,8.31,51.93,2.19,174.82,50.75,12.46,1285.46,1103.62,4.67,1.54,2.0525,1.015,52.1594747,4.4908843
Nanjing University of Science and Technology,Nanjing,China,3.07,0.52,3.49,15.18,0.42,55.48,6.56,6.7,497.25,293.32,1.14,1.17,1.5825,1.085,32.0615513,118.7915619
National Technical University of Athens,Athens,Greece,12.46,0.88,4.78,31.16,0.83,261.34,31.74,8.31,508.7,453.9,4.67,1.895,1.7325,1,37.9839412,23.7283052
Northwestern University,Evanston,United States,16.5,1.99,14,88,1.37,95.44,108.5,15,1656.67,1233.33,8.25,2.32,4.6,4.6,42.0447388,-87.6930459
South China University of Technology,Guangzhou,China,4.05,0.5,3.63,27.94,0.36,56.19,16.34,8.38,523.26,311.48,1.26,1.475,1.615,0.85,23.1301964,113.2592945
University at Buffalo SUNY - School of Engineering and Applied Sciences,Buffalo,United States,15,2.07,10,75,1.86,177.81,73.5,15,1388.33,1008.33,5.5,3.19,5.0925,3,42.8867166,-78.8783922
University of Nebraska-Lincoln,Lincoln,United States,18,1.93,6.81,20,1.18,98.32,68.38,10,975,912.5,4.5,2.18,2.9075,2.2,40.8088861,-96.7077751
University of Victoria,Victoria,Canada,18.61,1.92,12.47,63.28,1.49,97.88,71.47,10.78,1495.66,1195.92,5.96,2.635,3.1825,2.41,48.4283182,-123.3649533
University of Western Ontario,London,United Kingdom,18.02,1.38,15.62,180.18,2.04,288.5,35.29,15.62,2311.99,1669.19,6.55,2.565,2.2525,1.39,51.5073359,-0.12765
Amirkabir University of Technology,Tehran,Iran,4,0.31,3,15,0.36,21.13,13.79,1.5,539.97,415.02,1.41,0.875,1.085,0.555,35.6892523,51.3896004
Boston University,Boston,United States,20,2.17,13,90,1.86,175.95,60.18,15,2691.67,1959.38,7.5,2.73,4.235,2.95,42.3554334,-71.060511
China University of Geosciences Wuhan,Wuhan,China,3.49,0.58,2.79,41.9,0.27,39.7,14.43,5.1,343.61,174.6,1.805,1.245,1.505,1.025,30.5951051,114.2999353
Chongqing University,Chongqing,China,2.79,0.53,3.49,55.87,0.35,45.06,10.71,4.89,268.18,164.12,1.815,1.36,1.325,0.91,29.5656729,106.5479189
Claude Bernard Lyon 1 University,Lyon,France,15.58,0.97,10.91,68.76,1.6,181.84,38.34,12.93,825.11,599.91,6.36,2.355,3.1275,1.815,45.7578137,4.8320114
Duke University,Durham,United States,15,1.91,7.49,36,1.4,135.87,65,12,1550,1366.67,5.25,2.37,3.745,2.595,35.996653,-78.9018053
Hunan University of Arts & Science (Changde University),Changde,China,2.79,0.42,2.79,,0.28,82.93,18.79,4.19,,,1.295,1.465,2.4275,1.815,29.034552,111.6928724
"Grenoble INP, Graduate schools of Engineering and Management Université Grenoble Alpes",Grenoble,France,13.5,1.04,10.39,62.32,1.93,165.77,33.47,10.91,617.45,498.57,5.19,2.34,2.395,1.785,45.1875602,5.7357819
Johns Hopkins University,Baltimore,United States,14.5,2.54,9.99,74,2.49,153.94,74.33,12,1559.96,1350,6.75,2.71,4.1925,2.99,39.2908816,-76.610759
Kyung Hee Cyber University,Seoul,South Korea,7.16,1.06,3.39,41.47,0.9,176.24,22.06,9.42,809.83,583.6,3.77,2.295,5.8125,3.335,37.5666791,126.9782914
Toulouse III - Université Paul Sabatier,Toulouse,France,16.88,0.82,10.59,56.09,2.08,182.4,33.58,10.39,694.2,549.21,5.71,2.205,3.0525,1.63,43.6044622,1.4442469
Shandong University,Jinan,China,2.79,0.56,2.79,5.59,0.21,66.49,7.96,5.24,285.54,212.46,1.54,1.085,1.0325,0.36,36.6507007,117.1140042
IMT Atlantique - Graduate Engineering School,Nantes,France,13.5,0.41,10.59,57.13,0.85,173.06,34.05,11.43,606.15,536.23,5.45,2.145,2.64,2.14,47.2186371,-1.5541362
Telecom SudParis,Paris,France,15.58,0.83,10.91,77.9,1.9,197.79,30.52,12.46,1325.47,978.26,6.75,2.53,2.8775,2.155,48.8534951,2.3483915
The University of Texas at Arlington,Arlington,United States,17,1.66,8,90,1.34,148.98,65.56,15,2200,1768.33,7.5,1.92,4.13,2.485,32.7355816,-97.1071186
Tianjin University,Tianjin,China,4.19,0.66,2.86,15.49,0.31,75.2,10.87,6.98,384.12,270.05,1.75,1.225,1.2525,0.73,39.084802,117.1959904
UNICAMP - University of Campinas,Campinas,Brazil,5.59,0.5,1.86,50.31,0.72,67.41,18.3,7.45,328.42,219.46,1.58,1.71,1.025,0.775,-22.90556,-47.06083
University of Florence,Florence,Italy,15.58,0.61,6.23,36.35,1.3,223.83,30.47,8.83,842.5,642.69,4.67,1.76,2.3775,1.49,43.7698712,11.2555757
University of Ljubljana,Ljubljana,Slovenia,10.39,0.74,4.67,38.43,1.09,246.17,34.38,8.31,695.79,559.26,3.12,1.56,2.065,1.095,46.0500268,14.5069289
University of Manitoba,Winnipeg,Canada,14.89,1.64,13.4,77.43,1.19,147.84,60.96,10.42,821.5,833.45,4.84,2.98,3.005,2.375,49.8955367,-97.1384584
University of Maribor,Maribor,Slovenia,8.31,0.62,4.62,30.12,1.04,215.02,34.11,7.27,402.49,367.44,2.75,1.57,1.885,1.265,46.5576439,15.6455854
The University of Milan,Sesto San Giovanni,Italy,9.87,0.21,5.71,,,207.74,31.16,6.23,,,3.895,3.635,1.9225,1.04,45.5357218,9.2376549
University of Modena and Reggio Emilia - UNIMORE,Modena,Italy,15.58,0.4,5.79,32.72,1.14,199.95,28.04,9.35,623.22,519.35,5.19,1.4,2.165,1.525,44.5384728,10.93596087
University of Montpellier,Montpellier,France,13.5,0.65,10.39,31.16,1.46,142.79,36.35,12.46,733.93,600.14,4.8,2.565,2.615,1.645,43.6112422,3.8767337
University of Naples Federico II,Naples,Italy,15.58,0.63,6.23,39.47,1.25,150.69,30.04,9.35,657.84,398.17,3.895,2.015,1.9175,1.28,40.8358846,14.2487679
University of Seville,Sevilla,Spain,10.39,0.6,5.4,36.51,1.01,119.27,36.54,8.31,664.55,464.26,2.6,1.385,2.1475,1.51,37.3886303,-5.9953403
Vrije Universiteit Brussel (VUB),Brussels,Belgium,15.58,0.98,7.79,51.93,2.08,206.48,50.69,12.39,963.92,804.19,5.06,2.73,2.265,1.335,50.8465573,4.351697
West Virginia University,Morgantown,United States,20,1.5,9,30,1.24,99.47,80,16,1100,900,5.5,4.5,2.87,2.19,39.6296809,-79.9559437
Xiamen University,Xiamen,China,2.79,0.5,2.79,8.38,0.31,43.9,8.63,5.59,451.63,265.39,2.2,0.87,1.6,0.925,24.4801069,118.0853479
Yale University,New Haven,United States,15,1.88,11.53,65,1.4,188.61,64.28,15,1725,1456.25,7.5,3.08,4.4925,3.43,41.3082138,-72.9250518
Anhui University,Hefei,China,2.79,0.79,2.79,13.97,0.35,88.22,16.76,5.59,270.05,139.68,1.47,1.78,1.115,0.5,31.8228094,117.2218033
Auburn University,Auburn,United States,20,2.26,7.75,,2.33,156.59,48.75,12,937.5,725,5.375,2.5,4.2975,3.67,32.6098566,-85.4807825
Ben-Gurion University of the Negev,Beersheba,Israel,16.02,1.01,10.92,35.82,1.05,267.47,27.09,11.65,580.17,514.63,7.285,2.4,2.07,1.27,31.2457442,34.7925181
Drexel University,Philadelphia,United States,19,1.74,11,96,3.42,166.42,67.55,14,1886.56,1260.83,7,3.57,4.18,3.265,39.9527237,-75.1635262
Erasmus University Rotterdam,Rotterdam,Netherlands,16.1,0.9,8.52,83.1,2.03,233.29,43.11,14.15,1371.25,1024.96,4.67,1.515,2.055,1.03,51.9244424,4.47775
Florida State University,Tallahassee,United States,14,1.84,6.5,19.5,1.49,205.77,68.25,15,1500,1133.33,7,4.21,4.6,3.06,30.4380832,-84.2809332
Louisiana State University,Baton Rouge,United States,19,2.62,6.56,56,1.24,134.22,54,12,1300,966.67,3.81,3.725,3.59,2.625,30.4507936,-91.1391153
Oklahoma State University,Stillwater,United States,11.25,2.11,6.28,17.5,1.55,223.75,67,10,726.67,550,4,2.025,3.25,1.89,36.1156306,-97.0585717
Politecnico di Torino,Turin,Italy,13.5,0.4,6.23,39.47,1.79,188.12,28.55,9.35,565.29,433.03,4.67,1.69,1.9975,1.19,45.0677551,7.6824892
Poznan University of Technology,Poznan,Poland,6.66,0.51,4,26.66,0.62,128.54,14.06,5.55,511.48,428.52,2.165,1.055,1.4175,0.655,52.4006632,16.91973259
Toronto Metropolitan University,Toronto,Canada,18.61,1.68,13.07,116.15,1.3,128.64,54.88,11.17,1696.63,1435.71,5.77,2.59,2.77,2.58,43.6534733,-79.383961
Singapore Management University,Singapore,Singapore,10.92,1.39,10.92,93.19,0.73,142.65,34.37,10.92,2660.73,1965.72,8.01,4.85,3.2125,2.155,1.357107,103.8194992
Slovak University of Technology in Bratislava,Bratislava,Slovakia,8.31,0.73,4.67,31.16,1.04,213.5,19.45,9.35,669.82,505.91,2.34,1.235,2.1625,1.005,48.1516988,17.1093063
Soochow University,Taipei,Taiwan,5.82,1.1,4.2,41.35,0.81,81.28,25.83,10.34,663.07,429.98,2.425,2.04,3.05,2.55,25.0375198,121.5636796
Braunschweig University of Technology,Braunschweig,Germany,7.27,0.62,7.27,69.59,2.34,271.84,44.98,11.95,439.37,412.02,3.64,1.175,1.6975,0.72,52.2646577,10.5236066
University of Genoa,Genoa,Italy,15.58,0.68,6.02,47.78,0.99,149.44,30.63,9.09,669.96,484.03,5.19,2.255,2.3225,1.42,44.40726,8.9338624
The University of Iowa,Iowa City,United States,20,1.5,9,32,1.52,131.68,77,10,861.67,625,4.75,3.77,6.3675,3.41,41.6612561,-91.5299106
University of Minho,Braga,Portugal,8.31,0.55,5.19,27.01,0.49,101.17,32.78,6.54,614.56,447.94,2.445,1.235,1.515,1.075,41.5510583,-8.4280045
The University of North Carolina at Charlotte,Charlotte,United States,15,1.6,7,88,2.31,149.11,68,13.25,1713.89,1419.5,5,2.335,3.88,2.855,35.2272086,-80.8430827
The University of Oviedo,Oviedo,Spain,12.46,0.55,5.19,41.55,1.04,131.14,39.3,8.57,511.04,428.46,2.86,1.12,1.635,1.375,43.3604218,-5.8450534
University of Perpignan Via Domitia,Perpignan,France,12.98,0.56,10.39,,1.58,143.02,31.31,10.39,700.02,623.22,3.895,2.335,2.12,1.81,42.6985304,2.8953121
University of South Carolina,Columbia,United States,15,1.94,7,50,1.55,162.37,60.99,11,1497,1172.5,4.19,3.155,2.89,1.835,34.0007493,-81.0343313
University of South Florida,Tampa,United States,21,2.22,7.75,66,2.49,161.79,63.19,14,1995.95,1584.47,6.5,2.93,3.5275,2.905,27.9477595,-82.458444
University of Strasbourg,Strasbourg,France,15.58,0.28,10.39,55.05,0.78,184.59,36.22,11.27,727.09,584.27,5.71,2.795,2.2575,1.495,48.584614,7.7507127
Utah State University,Logan,United States,13.75,1.93,7,0,,156.13,64.17,12,1200,1066.67,6.5,2.75,3.13,1.695,40.1075089,-89.3768539
Warsaw University of Technology,Warsaw,Poland,7.78,0.52,4,24.44,0.67,201.12,13.34,6.66,778.49,592.63,3,1.17,1.48,0.745,52.2319581,21.0067249
Aix-Marseille University,Marseille,France,12.98,0.56,10.39,51.93,1.79,143.02,31.31,12.46,705.02,553.97,4.93,2.335,2.385,1.88,43.2961743,5.3699525
Bilkent University,Ankara,Turkey,3.76,0.24,1.61,18.72,0.32,50.99,8.75,2.68,280.27,153.34,2.445,1.79,0.98,0.495,39.9207886,32.8540482
Cairo University,Cairo,Egypt,4.07,0.22,2.04,12.22,0.14,26.99,16.55,4.48,197.56,113.99,2.09,1.605,0.6425,0.305,30.0443879,31.2357257
Curtin University,Perth,Australia,16.77,1.45,26.82,90.34,1.15,135.16,51.98,13.41,1187.86,933.42,6.71,4.38,3.055,1.735,-31.9558964,115.8605801
Feng Chia University,Taichung,Taiwan,3.39,1.07,3.55,40.45,0.52,57.84,24.54,9.05,371.54,280.67,2.26,1.87,3.0225,2.7,24.163162,120.6478282
George Mason University,Fairfax,United States,19.38,1.89,7.47,,1.34,190.3,73.57,15,2200,1733.33,6.81,3.665,3.8475,2.81,38.8462236,-77.3063733
Harbin Engineering University,Harbin,China,2.79,0.98,1.75,18.86,0.27,57.04,11.64,4.19,279.36,167.61,1.4,1.56,1.9425,1.005,45.8016143,126.5287796
Indiana University - Purdue University Indianapolis,Indianapolis,United States,19,1.64,7.55,60,1.52,225.27,73.88,12,1330.62,1052.38,5.5,3.24,4.5875,3.815,39.7683331,-86.1583502
Istanbul Technical University,Istanbul,Turkey,5.36,0.32,1.66,32.3,0.38,67.55,8.58,3.76,538.89,312.32,2.95,1.95,1.13,0.555,41.0091982,28.9662187
Jilin University,Changchun,China,2.79,0.56,3.49,8.38,0.28,52.61,11.64,8.38,314.28,216.5,1.92,1.215,1.0325,0.63,43.8843102,125.3180952
Macquarie University,Sydney,Australia,13.41,1.41,26.82,145.79,1.81,129.19,50.02,14.75,1657.31,1243.61,6.285,4.26,3.18,2.175,-33.8698439,151.2082848
Instituto Politécnico Nacional,Mexico City,Mexico,7.78,0.83,3.63,15.79,0.49,49.15,27.5,4.67,789.83,484.05,3.345,1.98,1.6975,1.525,19.4326296,-99.1331785
Universidade Nova de Lisboa,Lisbon,Portugal,12.46,0.8,5.51,41.55,0.52,127.21,34.41,7.79,1215.82,801.79,2.86,1.65,1.6575,1.185,38.7077507,-9.1365919
Oregon State University,Corvallis,United States,16,,10,0,,117.42,82.67,11.5,1383.33,1233.33,6,,2.1475,1.32,44.5645659,-123.2620435
Rochester Institute of Technology,Rochester,United States,20,1.56,11.53,56,3.11,150.75,66.22,11,908.33,906.25,5,3.36,3.9725,2.67,43.157285,-77.615214
Tampere University of Technology,Tampere,Finland,12.98,1.2,9.4,58.17,1.76,94.04,22.47,15.06,792.87,624.95,6.23,2.93,2.0375,1.2,61.4980214,23.7603118
The University of New Mexico,Albuquerque,United States,15,2,9,30,3,123.8,70.83,12.5,1311.36,1070.83,5,3.205,3.2,2.1,35.0841034,-106.650985
University College Cork,Cork,Ireland,15.58,1.4,15.58,84.13,1.43,170.79,51.86,11.43,1454.18,1166.8,5.245,3.055,2.2,1.18,51.897077,-8.4654674
Universidade de Aveiro,Aveiro,Portugal,7.27,0.38,5.3,31.16,0.98,105.84,34.74,7.27,573.28,510.69,2.34,1.525,1.4825,1.095,40.640496,-8.6537841
University of Belgrade,Belgrade,Serbia,7.96,0.55,3.54,28.98,0.71,147.56,23.6,5.31,635.45,397.77,2.43,0.945,1.385,0.71,44.8178131,20.4568974
University of Bordeaux,Bordeaux,France,15.58,0.62,10.39,41.65,1.72,159.37,35.17,10.85,808.7,629.71,5.97,2.405,2.6025,1.725,44.841225,-0.5800364
University of Cantabria,Santander,Spain,12.46,0.76,5.35,35.84,1.35,167.23,37.65,7.12,597.25,450.1,2.365,1.665,1.8875,1.33,43.4620412,-3.8099719
University of Canterbury,Christchurch,New Zealand,13.67,0.94,22.03,71.59,1.93,108.74,47.55,11.81,971.59,905.58,5.9,3.765,2.7025,1.725,-43.530955,172.6366455
Universidad de Castilla la Mancha,Toledo,United States,20,1.35,7.26,79.5,1.43,276.5,55.57,10,1133.33,750,4.125,3.795,2.8625,1.885,41.6529143,-83.5378173
The University of Exeter,Exeter,United Kingdom,14.41,1.37,14.71,71.47,1.6,227.5,37.84,10.81,903.46,792.78,4.5,2.28,1.63,1.09,50.7255794,-3.5269497
University of Kentucky,Lexington,United States,13.5,2.01,7.12,50,1.55,182.5,70.87,12,1205.67,936.67,5.25,3.48,3.0775,2.235,38.0464066,-84.4970393
Leipzig University,Leipzig,Germany,9.35,0.47,7.79,84.13,2.6,235.5,38.81,10.39,573.23,400.48,3.895,1,1.835,1.13,51.3406321,12.3747329
University of Maryland Baltimore County (UMBC),Catonsville,United States,35,,,,1.24,,40,,,,,,,,39.26099215,-76.74554778
Université Nice Sophia Antipolis,Nice,France,18.7,0.81,10.91,43.77,2.16,191.21,33.06,14.54,909.18,728.47,7.27,2.265,2.4775,2.235,43.7009358,7.2683912
University of Palermo,Palermo,Italy,10.39,0.35,5.71,37.91,0.87,199.83,30.81,8.31,519.35,363.54,3.895,1.545,1.7775,1.03,38.1112268,13.3524434
University of Perugia,Perugia,Italy,13.5,0.6,5.76,57.13,1.14,176.96,27.65,7.79,537.53,329.79,4.025,1.435,1.7475,1.38,43.1070321,12.40299621
University of Rennes,Rennes,France,14.54,0.5,10.39,55,1.66,152.67,28.04,11.95,670.65,567.82,6.23,2.005,2.455,1.555,48.1113387,-1.6800198
University of Valencia,Valencia,Venezuela,10,1.21,2,60,2,12.37,48.33,5.5,273.95,241.66,1.875,1.44,1.9525,1.495,10.170026,-68.0003987
University of Vigo,Vigo,Spain,10.91,0.49,5.19,46.74,1.04,111.72,40.25,8.31,534.93,432.79,2.535,1.085,1.655,1.435,42.2376602,-8.7247205
University of Windsor,Windsor,Canada,14.89,1.72,10.52,97.11,1.85,149.95,60.67,9.68,980.3,998.25,4.93,2.56,2.355,1.795,42.3167397,-83.0373389
University of Wisconsin Milwaukee,Milwaukee,United States,15,1.5,9,52.5,1.55,205.15,62.08,14,1436.88,893.75,5.375,2.495,3.78,2.275,43.0349931,-87.922497
Wroclaw University of Science and Technology,Wroclaw,Poland,7.78,0.49,4,24.44,0.67,205.19,12.91,5.55,599.93,496.57,2.725,1.04,1.46,0.745,51.1089776,17.0326689
Zhejiang University of Technology,Hangzhou,China,4.19,0.69,3.49,15.36,0.42,37.54,8.1,5.94,513.32,314.81,1.47,1.565,1.5625,1.03,30.2489634,120.2052342
Xidian University,Xi'an,China,2.79,0.57,2.79,16.76,0.35,47.58,13.27,5.45,279.36,181.58,1.605,0.985,1.3075,0.54,34.2607713,108.9423443
Dalian University of Technology,Dalian,China,3.49,0.58,2.93,25.14,0.42,37.25,9.71,6.98,401.39,244.33,1.26,1.015,1.14,0.675,38.9181714,121.6282945
King Saud University,Riyadh,Saudi Arabia,6.65,0.62,7.45,31.93,1.33,93.64,71.89,17.3,745.33,468.78,1.73,1.895,1.8525,1.215,24.638916,46.7160104
University of Minnesota Twin Cities,Minneapolis,United States,18,2,10.07,85,1.55,144.04,59.87,12,1466.3,1103.89,6,2.63,4.57,2.74,44.9772995,-93.2654692
Vanderbilt University,Nashville,United States,16.5,2.37,8.12,67.5,1.25,186.12,82.43,16,2078.57,1588.46,5.75,2.765,4.545,3.245,36.1622767,-86.7742984
University of Otago,Dunedin,New Zealand,20.19,1.3,24.7,27.96,2.11,114.94,49.24,9.32,610.45,288.29,5.97,3.265,2.3675,1.835,-45.8740984,170.5035755
Tecnológico de Monterrey,Monterrey,Mexico,10.38,0.87,3.37,23.34,0.52,100.28,27.52,5.19,600.71,375.2,2.335,1.655,1.72,1.635,25.6802019,-100.315258
University of Waikato,Hamilton,Bermuda,29,3.47,17.62,69,3,271.65,142,13.5,3250,2050,9.5,5.675,9.9525,7.545,32.2956076,-64.7827048
University of Buenos Aires,Buenos Aires,Argentina,6.4,0.74,2,10,0.52,48.19,21.87,5,308.45,225.84,2.095,1.595,1.17,0.685,-34.6075682,-58.4370894
Auckland University of Technology,Auckland,New Zealand,15.53,1.07,21.75,133.58,1.86,145.08,53.59,13.05,1320.14,1159.51,6.755,3.35,3.5725,1.965,-36.852095,174.7631803
Bauman Moscow State Technical University,Moscow,Russia,13.1,0.84,3.28,39.3,0.25,150.58,8.37,8.19,1167.72,674.05,4.09,1.845,1.9175,0.775,55.7504461,37.6174943
Chulalongkorn University,Bangkok,Thailand,2.6,0.46,4.21,36.52,1.21,77.59,15.08,7.44,584.77,280.92,3.23,2.22,1.8775,1.3,13.7524938,100.4935089
Dublin City University,Dublin,Ireland,18.7,1.47,15.58,124.64,1.56,231.01,57.62,13.5,1989.88,1738.62,6.23,3.11,2.4975,1.375,53.3498006,-6.2602964
National University of Sciences and Technology,Karachi,Pakistan,2.23,0.35,1.34,11.14,0.16,67.12,21.08,4.46,113.5,77.16,2.395,1.625,0.7925,0.375,24.8546842,67.0207055
Pontifical Catholic University of Rio de Janeiro,Rio de Janeiro,Brazil,6.52,0.54,1.86,46.77,0.76,90.57,19.55,6.52,385.92,247.48,2.33,1.7,1.415,1.015,-22.9110137,-43.2093727
University Teknologi Mara,Seremban,Malaysia,1.33,0.47,3.88,33.29,0.78,29.51,26.19,3.33,255.24,188.66,2.995,2.965,1.565,0.775,2.7187881,101.9404509
Hokkaido University,Sapporo,Japan,7.94,0.97,3.25,144.38,1.76,241.6,54.14,16.6,324.86,216.57,2.44,2.85,3.5725,3.43,43.061936,141.3542924
Kyungpook National University,Daegu,South Korea,5.28,1.06,3.39,26.39,0.6,128.61,20.1,8.67,348.68,216.75,3.395,2.385,3.9775,2.765,35.8713,128.6018
Oxford Brookes University,Oxford,United Kingdom,15.01,0.99,15.62,79.62,1.79,195.94,34.83,12.01,1403.88,1147.12,6.01,2.78,2.16,1.12,51.7520131,-1.2578499
Institute of Technology Bandung,Bandung,Indonesia,1.27,0.41,2.18,13.82,0.32,33.66,33.9,3.18,202.35,137.86,3.62,2.77,1.3525,1.42,-6.9215529,107.6110212
Massey University,Palmerston North,New Zealand,11.18,0.94,20.5,21.75,1.99,111.78,56.81,10.87,497.06,473.76,4.35,3.145,2.2375,2.075,-40.356317,175.6112388
The Open University UK Undergraduate Programmes,Milton Keynes,United Kingdom,18.02,1.1,15.62,75.67,1.2,227.98,41.24,14.71,1269.82,1036.01,4.985,2.865,2.9975,1.29,52.0406502,-0.7594092
University of Bath,Bath,United Kingdom,16.22,1.54,14.41,90.01,1.65,290.17,40.64,16.22,1501.47,960.94,5.83,2.5,1.735,1.79,51.3813864,-2.3596963
University of Cape Town,Cape Town,South Africa,8.78,0.9,2.93,30.55,0.7,77.47,47.51,5.86,722.68,482.29,2.485,1.725,1.435,1.09,-33.928992,18.417396
University of Strathclyde,Glasgow,United Kingdom,18.02,1.06,15.07,96.09,1.24,220.06,34.72,12.01,945.27,725.89,4.8,2.175,1.8325,1.055,55.8606182,-4.2497933
Anna University,Chennai,India,2.2,0.37,4.41,12.24,0.24,33.46,9.33,2.45,180.7,108.81,3.24,2.465,1.275,0.475,13.0836939,80.270186
College of William & Mary,Williamsburg,United States,15,1.5,6,45,1.86,225,99.17,12,,,6.75,2.17,2.29,1.585,37.2708788,-76.7074042
Dalhousie University,Halifax,Canada,14.89,1.43,14.15,61.42,1.3,141.14,75.68,11.17,1212.38,980.68,5.21,3.1,3.29,2.58,44.648618,-63.5859487
International Islamic University of Malaysia,Kuala Lumpur,Malaysia,3.33,0.62,4,22.2,1.05,51.45,24.76,4.22,426.7,274.24,3.94,2.995,2.0325,0.96,3.1516964,101.6942371
Kobe University,Kobe,Japan,6.5,1.2,3.72,67.14,2.02,147.16,39.22,12.99,505.34,433.15,3.97,2.315,4.5,2.09,34.6932379,135.1943764
Lahore University of Management Sciences (LUMS),Lahore,Pakistan,1.56,0.31,1.11,6.68,0.22,92.12,23.75,4.46,112.14,70.5,3.51,0.935,0.8175,0.36,31.5656822,74.3141829
Quaid-i-azam University,Islamabad,Pakistan,1.34,0.31,1.11,5.35,0.2,81.93,20.18,3.12,164.65,106.92,3.345,1.67,0.6875,0.315,33.6938118,73.0651511
Università della Svizzera italiana (USI),Lugano,Switzerland,31.7,1.16,8.45,84.54,4.23,181.53,60.24,17.44,1720.19,1393.62,5.81,2.29,3.37,2.28,46.0038279,8.9512134
University of Limerick,Limerick,Ireland,15.58,1.05,15.48,69.25,1.18,161.67,64.55,8.57,1257.98,952.14,5.235,2.645,2.0075,1.34,52.661252,-8.6301239
University of Pavia,Pavia,Italy,12.46,0.36,6.23,36.35,1.35,235.57,27.52,9.82,532.33,467.41,4.155,1.405,2.4575,1.31,45.03685465,9.137825083
University of Pretoria,Pretoria,South Africa,7.32,0.96,2.93,48.3,1.32,98.09,50.62,5.86,312.08,343.99,1.905,1.59,1.3,1.155,-25.7459277,28.1879101
University of Reading,Reading,United Kingdom,24.02,1.06,14.41,72.07,1.65,220.99,35.6,9.01,1249.11,1025.71,4.8,2.37,2.77,1.385,51.456659,-0.9696512
University of Sussex,Brighton,United Kingdom,18.02,1.17,15.62,98.2,1.65,247.29,36.03,14.65,1372.11,1144.81,5.465,2.38,2.33,1.045,50.8214626,-0.1400561
WU (Vienna University of Economics and Business),Vienna,Austria,15.58,0.67,6.23,36.35,1.78,213.45,33.66,11.43,983.06,690.86,4.44,1.275,2.4175,1.58,48.2083537,16.3725042
Ajou University,Suwon,South Korea,6.03,0.8,3.39,45.23,0.45,132.56,26.64,9.8,477.48,251.3,2.355,2.53,5.56,1.57,37.2633325,127.0287472
American University of Beirut,Beirut,Lebanon,10,0.61,5.79,80,1.2,278.36,65.01,10,718.75,423.05,3.91,2.26,2.3225,1.27,33.88922645,35.50255853
Emory University,Atlanta,United States,15,2.01,7,95,2.17,213.22,73.7,15,1883.81,1540.8,6.125,3.315,4.13,2.775,33.7489924,-84.3902644
Eötvös Loránd University,Budapest,Hungary,7.93,0.38,5.11,24.29,1.02,148.67,12.71,5.88,475.62,368.37,1.985,1.14,1.835,1.07,47.48138955,19.14609413
Gwangju Institute of Science and Technology,Gwangju,South Korea,5.28,0.94,3.39,,,108.9,24.5,9.05,276.43,207.33,3.11,2.05,10.555,2.545,35.1594647,126.8515034
The Universidade Estadual Paulista (Unesp),Bauru,Brazil,3.73,0.58,1.68,53.67,,99.22,21.43,3.73,156.52,121.12,1.585,1.43,0.9775,0.935,-22.3218102,-49.0705863
Tufts University,Medford,United States,15,1.62,7.5,25,3.11,214.5,96.8,12.5,1700,2100,6.5,2.79,4,2.385,42.4184296,-71.1061639
University Utara Malaysia (UUM),Kuala Lipis,Malaysia,4.22,0.44,,,,26.63,19.75,,99.88,,,,,0.66,4.1869878,102.0544343
University of Basel,Basel,Switzerland,26.42,1.32,9.41,84.54,3.75,283.91,52.63,21.14,1462.97,1200.66,7.265,2.35,3.8725,2.695,47.5581077,7.5878261
University of Guadalajara,Guadalajara,Mexico,7.78,0.93,3.63,18.16,0.52,43.56,28.87,4.41,534.45,384.3,2.465,2.005,1.565,1.395,20.6720375,-103.338396
University of Haifa,Haifa,Israel,17.48,1.4,9.9,62.05,1.31,207.84,27.76,12.82,729.64,596.4,7.865,2.84,2.22,1.22,32.8191218,34.9983856
University of Kansas,Lawrence,United States,12,1.68,7.24,34,1.55,235.15,66.66,12,933.33,616.67,5.25,2.1,3.7575,1.885,38.9719384,-95.2359496
University of Navarra,Pamplona,Spain,12.46,1.09,5.19,31.16,1.17,116.53,39.47,7.58,817.97,714.1,3.12,1.66,2.2025,1.52,42.8182536,-1.6440304
Worcester Polytechnic Institute,Worcester,United States,30.5,1.02,11,57,1.55,233.15,64.5,12,1375,1216.67,5.5,2.145,3.965,2.345,42.2625621,-71.8018877
Bologna Business School,Bologna,Italy,17.66,0.42,5.71,36.87,1.19,226.17,29.41,9.35,792.61,609.67,5.06,2.07,2.125,1.325,44.4938203,11.3426327
"University of California, Irvine Extension",Irvine,United States,20,1.75,9.69,112.5,1.71,157.63,68.6,18,2575.77,2390.62,8,2.985,4.1925,2.4,33.6856969,-117.8259819
Johannes Kepler University Linz,Linz,Austria,15.06,0.54,5.71,51.93,1.33,209.39,39.47,12.46,698.7,601.15,4.255,1.42,2.485,1.535,48.3059078,14.286198
La Trobe University,Melbourne,Australia,15.42,1.51,26.82,106.63,1.21,146.09,50.76,14.75,1226.45,1003.98,6.71,4.07,3.175,2.215,-37.8142176,144.9631608
National Cheng Kung University,Tainan,Taiwan,3.23,1.08,3.88,20.75,0.81,81.28,25.83,10.34,276.41,215.38,2.425,1.68,3.03,2.06,22.9912348,120.184982
University of Galway,Galway,Ireland,14.02,1.23,15.58,62.32,1.18,181.37,49.86,12.46,1382.76,1100.07,5.45,2.905,2.625,1.615,53.2744122,-9.0490601
Norwegian University of Science and Technology (NTNU),Trondheim,Norway,20.11,2.43,13.37,86.46,2.81,158.9,56.99,15.08,1072.86,884.71,9.27,3.72,3.0775,2.085,63.4304475,10.3952118
Old Dominion University,Norfolk,United States,17,1.83,7,80,1.49,148.98,69.25,12,1450,1316.67,5.75,2.49,3.5325,2.015,36.8448348,-76.2863999
Queen's University,Kingston,Jamaica,6.48,1.07,9.08,32.42,2.92,133.37,40.58,9.73,633.65,333.03,2.595,2.37,3.2325,2.11,17.9712148,-76.7928128
Sabanci University,Tuzla,Bosnia And Herzegovina,4.24,0.6,3.18,27.81,0.53,154.94,20.05,4.24,205.53,153.03,1.525,0.81,1.2475,0.725,44.5391105,18.675193
TU Dortmund University,Dortmund,Germany,12.46,0.9,7.27,72.71,1.97,291.44,36.96,14.54,690.73,380.86,3.455,1.05,1.915,1.46,51.5142273,7.4652789
Ulsan National Institute of Science and Technology,Ulsan,South Korea,7.16,1.21,3.39,,,108.9,22.62,8.67,320.41,301.56,3.77,1.695,5.575,3.45,35.5391697,129.3119136
The University of Alabama,Tuscaloosa,United States,15,2.01,7,,2.17,176.72,64.9,11,1000,720,4.75,3.315,3.2775,1.91,33.2095614,-87.5675258
University of Calgary,Calgary,Canada,18.61,1.69,11.91,83.39,1.43,181.12,64.64,11.91,1131.03,892.46,5.585,2.81,3.165,2.455,51.0460954,-114.065465
University of Catania,Catania,Italy,12.46,0.36,5.97,31.16,1.04,174.84,28.97,8.57,498.57,346.23,3.895,1.635,1.6325,1.285,37.5023612,15.0873718
University of Coimbra,Coimbra,Portugal,8.31,0.8,5.3,31.16,0.98,98.69,36.04,7.27,549.03,394.7,1.765,1.625,1.3925,0.995,40.2111931,-8.4294632
University of Cyprus,Nicosia,Cyprus,13.5,0.97,5.19,41.55,1.3,161.6,31,9.87,626.33,511.27,4.15,1.79,2.23,0.96,35.1748976,33.3638568
University of Hamburg,Hamburg,Germany,14.02,0.7,7.27,95.56,2.31,283.04,37.21,15.58,1107.94,832.6,4.41,1.055,2.265,1.2,53.550341,10.000654
University of Hawaii at Manoa,Honolulu,United States,18,2.57,11.99,75,2.21,282.08,66.61,15,2051.43,1696.43,8,3.095,6.38,5.39,21.304547,-157.855676
Technical University of Kaiserslautern,Kaiserslautern,Germany,12.46,0.72,6.96,67.52,1.97,228.15,31.16,14.54,647.45,443.18,3.405,1.05,1.5925,1.44,49.4432174,7.7689951
University of Kent,Canterbury,United Kingdom,15.01,1.11,14.41,112.28,1.49,326.82,41.32,12.61,1041.02,700.69,5.405,3.08,3.03,1.13,51.2800275,1.0802533
University of Newcastle,Newcastle,United Kingdom,,,,,,,39.64,,780.76,540.53,,,,,54.9738474,-1.6131572
University of Parma,Parma,Italy,15.58,0.69,6.02,36.35,1.35,187.44,31.16,9.87,562.63,467.41,4.8,2.555,2.3325,1.3,44.8013678,10.3280833
Rovira i Virgili University,Tarragona,Spain,11.43,0.77,5.71,44.14,1.14,181.89,45.01,8.31,657.84,519.35,1.82,1.37,2.2425,1.755,41.1172364,1.2546057
University of Wollongong,Wollongong,Australia,12.74,1.83,26.82,48.39,1.47,111.77,50.7,11.07,2123.64,1698.91,5.805,3.015,2.9175,1.935,-34.4278083,150.893054
Utrecht University,Utrecht,Netherlands,17.66,1.01,8.31,93.48,2.53,253.89,43.89,12.46,1375.97,1074.4,5.19,1.725,2.1275,1.1,52.0809856,5.127683969
Autonomous University of Barcelona,Barcelona,Spain,14.54,0.8,5.19,41.55,2.08,168.41,39.57,9.35,1075.89,840.13,3.38,1.42,2.02,1.44,41.3828939,2.1774322
Bielefeld University,Bielefeld,Germany,10.39,0.67,7.27,88.81,2.08,300.31,30.29,12.46,581.67,772.53,3.635,1.03,1.915,1.34,52.0191005,8.531007
Binghamton University,Johnson City,United States,15,1.66,6.2,,,211.7,55,10,1000,600,4.5,2.145,3.8975,2.465,36.3134398,-82.3534728
Colorado State University,Fort Collins,United States,14.25,2.43,8.76,25,1.4,152.26,59.98,10,1426.67,1317.33,5,3.7,4.02,2.48,40.5508527,-105.0668085
Federal University of Minas Gerais,Belo Horizonte,Brazil,4.1,0.57,1.86,31.86,1.21,68.88,18.93,5.59,262.43,179.89,1.91,1.605,1.06,0.78,-19.9225776,-43.9451356
Heriot-Watt University,Edinburgh,United Kingdom,18.02,1.25,14.41,72.07,1.71,200.72,33.57,10.21,1121.19,877.43,5.41,2.04,2.13,1.075,55.9533456,-3.1883749
Kyushu University,Fukuoka,Japan,7.07,0.87,4.04,72.19,1.8,192.32,35.81,14.44,487.29,286.81,3.645,2.08,4.6925,3.37,33.6251241,130.6180016
Leibniz University Hannover,Hannover,Germany,10.39,0.49,8.3,72.71,2.05,228.02,31.81,12.46,744.4,523.24,4.54,1.18,2.0775,1.34,52.3744779,9.7385532
Maastricht University,Maastricht,Netherlands,15.06,0.62,8.31,51.93,2.18,323.27,44.14,10.39,1125.04,945.21,4.28,1.5,2.07,0.96,50.85798545,5.696988182
New Jersey Institute of Technology,Newark,United States,20,1.76,9.5,125.5,2.49,288.75,76.67,14,1733.33,1500,5.25,1.73,2.92,2.45,40.735657,-74.1723667
Pontifical Catholic University of Chile,Santiago,Chile,8.76,1.07,4.82,43.79,1.09,131.14,23.14,5.47,440.02,411.79,3.555,1.58,1.5775,1.14,-33.4377756,-70.6504502
Stevens Institute of Technology,Hoboken,United States,16,1.5,9.5,210,3.11,144.74,68.75,13.5,3300,2250,7,2.625,3.82,1.58,40.7433066,-74.0323752
Syracuse University,Syracuse,United States,13.5,1.37,13,50,1.99,133.75,77.33,13.5,1135,1000,4.5,2.58,3.4175,2.645,43.0481221,-76.1474244
University of Beira Interior,Covilha,Portugal,6.23,0.31,4.73,40.46,0.6,83.1,35.05,6.86,377.39,207.74,1.82,1.3,1.2275,0.84,40.2805658,-7.5043211
University of Bergen,Bergen,Norway,18.6,2.1,14.68,75.9,0.9,263.15,49.01,14.07,1059.81,839.47,9.045,3.65,2.9575,2.21,60.3943055,5.3259192
University of Bern,Bern,Switzerland,26.42,1.29,9.51,83.48,4.12,202.63,52.43,21.14,1254.92,995.8,6.34,1.975,3.6675,2.16,46.9482713,7.4514512
University of Essex,Colchester,United Kingdom,18.02,1.25,15.01,69.67,1.46,238.4,38.74,14.41,867.85,844.83,5.15,2.71,1.8425,1,51.8896903,0.8994651
University of Houston,Houston,United States,16.5,2.08,8,40,3.1,164.9,73.91,12,1590.76,1246.59,5.655,3.085,3.055,2.2,29.7589382,-95.3676974
University of Leeds,Leeds,United Kingdom,14.41,1.07,13.09,90.09,1.12,287.25,39.77,10.8,990.97,706.85,4.86,2.615,2.1675,1.265,53.7974185,-1.5437941
University of Liverpool,Liverpool,United Kingdom,18.02,1.25,14.41,83.56,1.12,213.91,37.15,12.01,900.15,653.14,5.09,2.355,2.2825,1.175,53.4071991,-2.99168
University of Oslo,Oslo,Norway,20.11,2.26,14.58,81.84,1.51,239.31,48.99,16.04,1405.05,1144.04,9.725,3.73,2.935,2.375,59.9133301,10.7389701
University of Tartu,Tartu,Estonia,10.39,0.7,4.8,23.37,0.62,213.58,27.19,8.07,457.03,370.04,4.15,1.675,1.7125,0.61,58.3801207,26.72245
University of York,York,United Kingdom,15.01,1.06,15.62,69.07,1.35,198.19,29.13,12.01,1313.79,840.07,5.405,1.775,2.45,1.395,53.9590555,-1.0815361
Victoria University of Wellington,Wellington,New Zealand,12.43,1.1,23.61,93.91,1.8,133.82,51.97,11.18,1371.29,1126.02,6.21,3.86,3.245,1.835,-41.2887953,174.7772114
Washington State University,Pullman,United States,15,1.83,12.35,30,2.8,91.61,56.33,8,1500,,5.495,3.98,3.1625,4.17,46.7304268,-117.173895
Wayne State University,Detroit,United States,15.63,1.88,8,60,1.24,249.06,70.67,12.25,1266.67,880,5.375,2.2,3.46,2.965,42.3315509,-83.0466403
Graz University of Technology (TU Graz),Graz,Austria,11.43,0.82,5.87,56.19,1.77,246.31,34.86,15.32,632.5,541.16,4.15,1.43,2.4925,1.8,47.0708678,15.4382786
Iowa State University,Ames,United States,13.5,1.3,8.08,35,0.75,121.02,69.99,8.25,800,550,6,2.44,3.02,2.04,42.0267567,-93.6170448
Nagoya University,Nagoya,Japan,7.22,0.79,3.86,72.19,3.25,199.79,30.61,12.99,818.64,427.13,3.25,1.755,4.5525,3.08,35.1851045,136.8998438
Radboud University,Nijmegen,Netherlands,15.58,0.62,8.31,140.22,1.82,185.66,37.26,11.43,1090.63,830.96,5.45,1.5,2.0275,0.96,51.84257485,5.838960629
Simon Fraser University,Burnaby,Canada,12.66,1.08,11.17,99.77,1.44,100.01,63.82,11.17,1563.51,1459.27,5.215,2.65,3.155,3.535,49.2433804,-122.972545
University of Sherbrooke,Sherbrooke,Canada,11.18,1.51,10.42,60.75,1.3,121.58,44.92,7.07,510,446.72,4.915,2.265,2.7225,1.73,45.403271,-71.889038
The University of Arizona,Tucson,United States,15,1.72,9,37.5,1.4,241.89,69.67,10.5,1175,942,5.5,3.875,3.255,2.355,32.2228765,-110.9748477
University of Bremen,Bremen,Germany,12.46,0.51,7.37,70.42,2.39,219.1,36.35,10.13,649.19,497.09,3.895,1.125,1.745,1.61,53.0758196,8.8071646
University of Duisburg-Essen,Essen,Germany,11.43,0.4,7.27,83.1,2.08,217.31,38.95,10.39,952.14,441.45,3.325,1.26,1.635,1.5,51.4582235,7.0158171
University of Granada,Granada,Spain,10.39,0.62,5.32,41.55,2.08,112.14,39.38,8.26,584.27,467.41,2.6,1.565,1.6575,1.055,37.1734995,-3.5995337
University of Notre Dame,South Bend,United States,15,2.13,6.99,35,1.71,246.75,61.33,8,1107.5,850,5.125,1.255,3.545,2,41.6833813,-86.2500066
University of Pisa,Pisa,Italy,12.46,0.37,5.92,33.24,2.08,212.77,29.08,8.83,571.28,558.3,5.19,1.95,2.18,2.15,43.7159395,10.4018624
University of South Australia,Adelaide,Australia,12.41,1.35,26.38,70.42,1.63,201.67,47.87,12.07,1096.84,754.45,5.9,4.3,3.1225,2.01,-34.9281805,138.5999312
University of Surrey,Guildford,United Kingdom,18.02,0.74,15.01,76.27,1.5,253.34,35.01,12.01,1571.74,1191.17,4.655,2.415,2.83,1.27,51.2356068,-0.5732063
Bar Ilan University,Ramat Gan,Israel,20.39,2.26,10.2,64.09,1.17,211.9,29.82,12.53,1376.4,1181.85,7.935,3.1,2.745,1.57,32.0686867,34.8246812
King Abdulaziz University,Jeddah,Saudi Arabia,6.65,0.59,7.45,15.97,1.33,103.64,69.61,15.97,500.09,356.15,1.53,1.855,1.79,1.145,21.5810088,39.1653612
National Chiao Tung University,Hsinchu,Taiwan,3.23,1,3.72,16.15,0.65,57.7,25.77,9.69,319.49,220.1,1.7,1.65,3.175,3.665,24.8066333,120.9686833
Queen's University Belfast,Belfast,United Kingdom,18.62,1.08,14.89,66.06,2.32,135.57,43.24,10.21,1007.65,695.3,6.13,2.51,1.9475,1.46,54.596391,-5.9301829
Technical University of Denmark (DTU),Copenhagen,Denmark,19.55,1.13,8.38,75.42,2.1,200.85,36.22,16.76,1705.63,1278.77,6.945,1.975,2.915,1.565,55.6867243,12.5700724
Texas A&M University,College Station,United States,15,1.62,6.5,42.5,1.09,168.12,63.05,9.5,1050,916.67,5,2.89,2.72,2.155,30.5955289,-96.3071042
TU Dresden,Dresden,Germany,10.39,0.88,8.31,66.06,2.34,245.8,32.43,10.39,569.41,458.76,3.64,0.965,1.8925,1.25,51.0493286,13.7381437
Ulm University,Ulm,Germany,12.46,0.45,7.37,64.4,3.32,245.82,34.8,8.83,960.79,804.99,3.82,1.05,1.7575,1.055,48.3974003,9.9934336
University of Aberdeen,Aberdeen,United Kingdom,18.02,1.15,15.47,84.08,1.65,139.49,29.01,9.01,656.17,533.32,4.11,2.16,2.305,1.25,57.1482429,-2.0928095
University of Birmingham,Birmingham,United Kingdom,12.9,1.31,14.71,72.07,1.35,214.74,32.43,12.01,970.33,741.2,4.65,1.92,1.94,1.31,52.4796992,-1.9026911
University of Florida,Gainesville,United States,17.5,1.97,9.65,35,1.74,187.84,84.57,14,1223.17,900,4.75,3.04,3.99,2.665,29.6519684,-82.3249846
University of Innsbruck,Innsbruck,Austria,15.58,0.53,5.92,54.01,1.97,234.6,37.38,13.5,850.43,746.56,4.26,1.13,2.3475,1.485,47.2654296,11.3927685
University of Mannheim,Mannheim,Germany,11.43,0.42,7.48,77.9,2.23,270.71,34.4,12.46,903.67,497.54,3.765,0.935,1.8575,1.395,49.4892913,8.4673098
University of Passau,Passau,Germany,10.39,0.53,8.31,42.59,2.08,194.76,33.23,10.39,628.32,415.48,3.71,1.11,1.775,1.2,48.5748229,13.4609744
Uppsala University,Uppsala,Sweden,11.43,1.51,6,92.4,2.29,97.38,34.69,14.29,836.94,565.61,7.505,2.405,2.6375,1.27,59.8586126,17.6387436
Vrije Universiteit Amsterdam,Amsterdam,Netherlands,19.22,1.03,8.52,103.87,2.57,277.41,48.88,13.5,1769.11,1512.73,5.545,1.71,2.2875,1.5,52.3730796,4.8924534
Lancaster University,Lancaster,United States,28.5,2.12,8.5,51,1.86,180.24,73.89,11,1110,1100,6,4.155,4.01,2.625,40.03813,-76.3056686
North Carolina State University,Raleigh,United States,15,2.07,6.5,20,1.86,170.24,64.11,12,1611.36,1225,5.5,2.255,3.81,2.275,35.7803977,-78.6390989
Ruhr University Bochum,Bochum,Germany,12.98,0.79,7.48,83.1,1.97,211.69,30.9,12.46,545.32,415.48,3.38,1.37,1.7425,0.93,51.4818111,7.2196635
UCLouvain,Louvain-la-Neuve,Belgium,15.58,,,,,,54.01,10.39,1168.53,727.09,4.15,,,,50.6741689,4.613790587
"University of California, Riverside",Riverside,United States,17,2.25,10.5,40,1.81,246.39,82.22,14,1856.5,1650,6.25,3.695,3.415,3.295,33.9533546,-117.3961623
University of Colorado at Boulder,Boulder,United States,28.5,2.55,10.5,145,1.4,151.71,77.86,14,2466.67,1975,7.5,3.215,3.5225,2.12,40.0149856,-105.270545
University of Nottingham,Nottingham,United Kingdom,14.41,0.92,15.53,72.07,1.45,135.2,37.74,12.61,891.12,637.29,4.8,2.005,2.5225,1.575,52.9534193,-1.1496461
University of Oulu,Oulu,Finland,12.46,1.54,9.87,54.53,1.66,101.99,22.73,15.58,694.02,514.15,6.62,3.31,3.025,1.265,65.0118734,25.4716809
University of Potsdam,Potsdam,Germany,10.39,0.41,7.48,44.66,2.18,195.37,32.43,10.39,1038.7,597.25,3.64,0.9,1.5975,1.25,52.4009309,13.0591397
University of Virginia,Charlottesville,United States,13.5,1.85,7.85,25,1.49,115.92,72.25,12,1660,1183.33,6.75,2.17,4.5775,3.23,38.029306,-78.4766781
Virginia Tech,Blacksburg,United States,22.5,3,6,,,154.88,55,11,1100,725,6,1.58,5.0825,4.95,37.2296566,-80.4136767
Aalborg University,Aalborg,Denmark,18.16,1.76,7.68,55.87,2.3,200.33,31.25,16.76,766.43,535.4,6.46,2.3,2.79,1.71,57.0462626,9.9215263
The Hebrew University of Jerusalem,Jerusalem,Israel,17.48,1.58,10.2,62.05,1.02,150.43,26.89,11.65,1281.72,1004.16,7.94,3.045,2.175,1.19,31.79592425,35.21198076
Humboldt University Berlin,Berlin,Germany,12.46,0.68,8.31,88.29,2.23,302.6,39.91,12.46,1307.95,953.36,4.15,1.35,2.5325,1.73,52.5170365,13.3888599
Indian Institute of Science,Bangalore,India,3.06,0.36,4.28,18.36,0.37,25.02,10.76,4.9,237.25,144.6,2.89,2.63,1.1925,0.435,12.9767936,77.590082
Indiana University Bloomington,Bloomington,United States,15,1.47,5.87,30,1.24,127.96,57.93,11,1100,883.33,4.5,1.715,3.0975,1.91,39.1670396,-86.5342881
University of Alberta,Edmonton,Canada,18.61,1.81,12.66,74.45,1.23,185.15,59.56,11.17,912.28,755.01,5.585,2.375,3.07,1.895,53.5462055,-113.491241
University of Bristol,Bristol,United Kingdom,18.02,1.21,15.62,100.18,1.6,255.74,40.49,12.01,1311.57,1029.58,5.71,2.435,2.335,1.41,51.4538022,-2.5972985
Friedrich-Alexander-Universität Erlangen-Nürnberg (FAU),Nuremberg,Germany,10.39,0.57,7.53,83.1,1.87,240.26,33.93,12.46,703.72,474.02,3.895,1.03,1.9375,1.215,49.453872,11.077298
University of Groningen,Groningen,Netherlands,15.58,0.66,8.52,93.48,2.5,259.79,45.81,12.46,896.2,667.56,4.155,1.18,2.025,0.975,53.2190652,6.5680077
University of Sheffield,Sheffield,United Kingdom,13.21,1.29,14.41,88.78,1.19,230.03,36.04,11.65,817.47,657.37,4.8,2.64,1.805,1.01,53.3806626,-1.4702278
University of Trento,Trento,Italy,14.54,0.42,6.23,34.07,2.08,163.75,32.33,9.35,727.09,545.32,5.19,1.48,1.9075,1.255,46.1029536,11.12974249
University of Utah,Salt Lake City,United States,17,2.03,8,85,1.55,122.62,59.25,12,1622.11,1306.05,6.375,2.355,2.81,1.84,40.7596198,-111.886797
University of Warwick,Coventry,United Kingdom,12.01,1,13.21,60.06,1.8,304.73,39.64,13.21,986.47,725.38,4.5,1.745,2.1025,1.235,52.4081812,-1.510477
Queensland University of Technology,Brisbane,Australia,13.41,1.68,26.82,132.78,1.46,131.28,50.02,12.07,1290.34,1020.53,6.04,3.9,3.05,2.04,-27.4689682,153.0234991
University of Helsinki,Helsinki,Finland,13.5,1.68,9.87,67.52,1.48,106.32,22.52,15.58,1041.66,830.09,7.79,2.87,2.5175,1.305,60.1674881,24.9427473
The Hong Kong Polytechnic University,Hong Kong,Hong Kong,7.68,1.6,7.94,64.02,1.22,199.27,22.78,12.8,2284.16,1629.08,6.4,2.295,3.405,2.63,22.2793278,114.1628131
University of Pittsburgh,Pittsburgh,United States,15,1.85,8.99,97.5,1.24,199.43,66.47,11.25,1454.92,1001.79,5,3.535,5.3725,4.01,40.4416941,-79.9900861
University of Southampton,Southampton,United Kingdom,13.78,1.23,15.01,69.07,1.66,276.51,40.99,14.41,966.95,867.1,5.105,2.165,1.67,1.155,50.9025349,-1.404189
Australian National University,Canberra,Australia,15.42,1.46,23.47,70.42,1.45,133.15,50.58,12.07,1371.43,1141.94,6.54,3.815,3.2325,1.855,-35.2975906,149.1012676
University of Bonn,Bonn,Germany,15.58,0.43,7.79,114.26,1.97,280.92,35.55,11.43,657.84,609.37,4.28,1,1.8375,1.045,50.735851,7.10066
University of Stuttgart,Stuttgart,Germany,12.46,0.65,7.63,74.99,2.18,236.12,34.73,12.46,1038.7,850.45,4.15,1.125,2.095,1.67,48.7784485,9.1800132
Aarhus University,Aarhus,Denmark,20.95,1.08,8.38,55.87,1.4,178.79,30.11,14.11,1048.52,660.74,6.635,1.8,2.87,1.81,56.1496278,10.2134046
University of Luxembourg,Esch-sur-Alzette,Luxembourg,15.58,0.38,5.82,0,,110.11,38.95,13.45,1402.24,1363.29,4.15,3.325,2.2,1.585,49.4959628,5.9850306
University of Twente (UT),Enschede,Netherlands,15.58,0.68,8.31,60.24,2.03,202.49,45.7,10.91,1020.52,825.19,5.065,1.515,2.05,0.98,52.2209855,6.8940537
Darmstadt University of Technology,Darmstadt,Germany,20.25,0.94,6.96,67.52,2.08,228.15,37.51,11.43,980.27,680.92,4.15,1.225,2.1525,2.045,49.8851869,8.6736295
University of North Carolina Chapel Hill,Chapel Hill,United States,15,1.67,7,0,1.71,145.28,65,12,3000,1500,5,2.285,4.2325,2.965,35.9131542,-79.05578
Pennsylvania State University,State College,United States,15,1.46,7.25,88,1.09,189.44,73.33,10.38,1200,983.33,6,2.185,4.3675,2.22,40.7944504,-77.8616386
Heidelberg University,Heidelberg,Germany,15.58,0.58,7.48,83.1,2.8,283.82,38.76,12.98,1012.73,725.2,3.79,1.39,1.92,1.215,49.4093582,8.694724
Eindhoven University of Technology (TU/e),Eindhoven,Netherlands,17.14,0.92,8.52,103.87,2.49,207.72,40.55,12.46,1205.78,980.91,4.93,1.74,2,0.96,51.44855695,5.450122522
The University of Manchester,Manchester,United Kingdom,18.02,1.39,14.56,87.74,1.55,245.93,33.23,11.11,1110.37,796.56,5.19,2.775,2.01,1.44,53.4794892,-2.2451148
KTH Royal Institute of Technology,Stockholm,Sweden,12.38,1.39,6.62,92.4,2.71,98.3,33.5,14.29,1365.56,1016.12,6.67,2.06,2.915,1.285,59.3251172,18.0710935
Kyoto University,Kyoto,Japan,6.14,0.83,3.68,84.09,2.31,127.48,30.68,11.55,613.62,348.92,4.06,2,4.59,2.445,35.021041,135.7556075
Brown University,Providence,United States,24,2.75,10.5,40,2.02,174.48,57.8,12,1750,1250,7,1.665,4.47,3.58,41.8239891,-71.4128343
Delft University of Technology (TU Delft),Delft,Netherlands,10.39,0.62,8.31,54.01,2.65,229.6,41.7,12.46,1146.46,654.38,4.93,1.53,2.0075,0.96,51.9994572,4.362724539
Korea Advanced Institute of Science and Technology (KAIST),Daejeon,South Korea,6.03,1.21,3.39,43.35,0.75,95.96,20.07,9.05,343.03,260.1,3.485,1.615,4.4475,2.14,36.3497007,127.3849016
RWTH Aachen University,Aachen,Germany,10.39,0.5,7.89,72.71,1.97,245.95,29.68,10.39,632.39,437.48,3.64,0.975,1.76,1.515,50.776351,6.083862
Karlsruhe Institute of Technology (KIT),Karlsruhe,Germany,11.17,0.46,7.27,69.59,2.29,234.55,37.97,10.39,688.14,642.69,3.995,0.94,1.7075,1.585,49.0068705,8.4034195
The University of Tokyo,Tokyo,Japan,7.22,0.96,4.33,72.19,3,166.02,31.85,12.99,1105.83,638.41,4.675,2.405,5.23,4.195,35.6812665,139.757653
University of Waterloo,Waterloo,Canada,13.03,1.9,11.17,67.01,1.56,151.03,47.15,9.31,1229.15,1169.97,5.395,2.37,2.57,2.38,43.4652699,-80.5222961
University of Maryland,College Park,United States,13.5,1.8,8.75,,0.67,175,57.87,15,1802.67,1800,6.5,2.6,4.135,2.905,38.980666,-76.9369189
University of Southern California,Los Angeles,United States,20,1.99,11.25,99.5,1.71,140.69,67.95,16,2568.47,1952.66,7.75,2.755,3.3675,2.46,34.0536909,-118.242766
University of British Columbia,Vancouver,Canada,18.24,1.93,14.14,97.16,1.44,87.38,62.44,12.66,1804.36,1509.65,5.955,2.735,2.88,2.26,49.2608724,-123.113952
University of Wisconsin Madison,Madison,United States,14,2.33,10,65,1.68,117.83,66.08,12,1398.75,1083.5,5.5,2.74,2.6925,2.325,43.074761,-89.3837613
University of Texas at Austin,Austin,United States,18,2.12,8,42,1.55,151.96,64.98,12.75,2157,1519.12,7,3.21,3.295,2.43,30.2711286,-97.7436995
"University of California, San Diego",San Diego,United States,20,1.92,10,75,1.86,190.11,73.07,15,2574.42,2041.3,7.5,3,3.4125,2.77,32.7174202,-117.1627728
University of Toronto,Pickering,Canada,16.38,1.49,10.05,87.11,0.74,142.7,52.12,8.93,1228.47,1172.63,5.115,4.095,2.7875,2.42,43.835765,-79.090576
University of Illinois at Urbana Champaign,Urbana,United States,15.5,0.84,7.31,,1.7,107.06,50,12,550,400,5.25,1.715,3.4125,3.045,40.1117174,-88.207301
University of Washington,Seattle,United States,20,1.96,10.5,99.5,1.68,222.43,70.41,15,2274.95,1827.5,7.5,3.245,5.1475,3.295,47.6038321,-122.330062
Cornell University,Ithaca,United States,15,1.99,10,45,1.86,99.76,68,13.5,1800,1275,5.5,1.87,4.8375,2.87,42.4374175,-76.54837235
Princeton University,Princeton,United States,15,2.5,8,80,1.55,202.62,72.83,12.5,2241.67,1400,7,3.1,5.6275,3.14,40.3492744,-74.6592958
Harvard University,Cambridge,Canada,15.64,1.6,11.17,67.01,1.38,124.72,58.54,11.17,1116.79,893.43,4.87,2.45,2.055,1.86,43.3600536,-80.3123023
Swiss Federal Institute of Technology in Lausanne,Lausanne,Switzerland,26.42,1.15,8.98,78.2,2.85,303.57,57.88,21.14,1649.38,1337.22,7.66,3.22,3.5175,2.06,46.5218269,6.6327025
California Institute of Technology - Caltech,Pasadena,United States,16.5,1.4,9.25,100,1.68,187.35,61.67,16.5,1950,1600,8,2.68,3.125,2.3,34.1476452,-118.1444779
Stanford University,Stanford,United States,25,2.39,10,,1.86,237.63,65.62,16.5,3500,2000,7.5,3.195,5.485,3.035,37.4265407,-122.1703055
Jadavpur University,Kolkata,India,2,0.34,4.04,3.98,0.31,31.36,7.4,3.24,148.95,84.21,2.935,2.34,1.095,0.42,22.5726459,88.3638953
